<?xml version="1.0" encoding="UTF-8"?>
<project-private xmlns="http://www.netbeans.org/ns/project-private/1">
    <editor-bookmarks xmlns="http://www.netbeans.org/ns/editor-bookmarks/2" lastBookmarkId="0"/>
    <open-files xmlns="http://www.netbeans.org/ns/projectui-open-files/2">
        <group>
            <file>file:/F:/code/Java/JiaMi/src/com/zxy97/aes/FrmMain.java</file>
            <file>file:/F:/code/Java/JiaMi/src/com/zxy97/aes/ZipCipherUtil.java</file>
            <file>file:/F:/code/Java/JiaMi/src/com/zxy97/aes/ZipUtil.java</file>
            <file>file:/F:/code/Java/JiaMi/src/com/zxy97/aes/CipherUtil.java</file>
            <file>file:/F:/code/Java/JiaMi/src/com/zxy97/aes/FileUtil.java</file>
        </group>
    </open-files>
</project-private>
